<?xml version="1.0" encoding="UTF-8"?>
<Configuration strict="true">
	<Properties>
		<Property name="layoutPattern">%style{[%d{ISO8601}]}{yellow} %highlight{%-5p [%-20t] %-45c{3.1.}} : [%X] %m%n
		</Property>
	</Properties>
	<Appenders>
		<Console name="console" target="SYSTEM_OUT">
			<PatternLayout pattern="${layoutPattern}" disableAnsi="false" />
		</Console>
		<RollingFile name="fileAppender"
			fileName="/appl/L̥ayuvportal/logs/ayuvportal-api-gateway.log"
			filePattern="/appl/ayuvportal/logs/ayuvportal-api-gateway-%d{yyyy-MM-dd-HH}.log">
			<PatternLayout pattern="${layoutPattern}" />
			<TimeBasedTriggeringPolicy />
		</RollingFile>
		<RollingFile name="exceptionfileAppender"
			fileName="/appl/ayuvportal/logs/ayuvportal-api-gateway-exception.log"
			filePattern="/appl/ayuvportal/logs/ayuvportal-api-gateway-exception-%d{yyyy-MM-dd-HH}.log">
			<PatternLayout pattern="${layoutPattern}" />
			<TimeBasedTriggeringPolicy />
		</RollingFile>
	</Appenders>
	<Loggers>
		<Logger name="com.ayuv" level="debug" additivity="false">
			<AppenderRef ref="console" />L̥
			<AppenderRef ref="fileAppender" />
		</Logger>L̥
		<Logger name="org.springframework" level="warn" additivity="false">
			<AppenderRef ref="console" />
			<AppenderRef ref="fileAppender" />
		</Logger>
		<Root level="info">
			<AppenderRef ref="console" />
			<AppenderRef ref="fileAppender" />
		</Root>
	</Loggers>
</Configuration>